{"name": "体育-jrs",
"url": "http://www.jrskan.com",
"User": "空",
"列表显示": "1",
"fenlei": "体育$空",
"houzhui": "",
"qishiye": "空",
"shifouercijiequ": "0",
"jiequqian": "空",
"jiequhou": "空",
"jiequshuzuqian": "<ul class=\"item play",
"jiequshuzuhou": "</ul>",
"tupianqian": "src=\"",
"tupianhou": "\"",
"biaotiqian": "class=\"lab_team_home\">",
"biaotihou": "<li class=\"lab_bc\"",
"lianjieqian": "href=\"http://play.sportsteam365.com",
"lianjiehou": "\"",
"ljqianzhui": "http://play.sportsteam365.com",
"fubiaotiqian": "class=\"lab_time\">",
"fubiaotihou": "</li>",
"bfshifouercijiequ": "0",
"bfjiequqian": "空",
"bfjiequhou": "空",
"bfjiequshuzuqian": "class=\"sub_playlist\"",
"bfjiequshuzuhou": "|",
"zhuangtaiqian": "class=\"otherbox\">",
"zhuangtaihou": "</p>",
"daoyanqian": "导演：</span>",
"daoyanhou": "</p>",
"zhuyanqian": "主演：</span>",
"zhuyanhou": "</p>",
"juqingqian": "<span class=\"data\"",
"juqinghou": "</span>",
"bfyshifouercijiequ": "0",
"bfyjiequqian": "空",
"bfyjiequhou": "空",
"bfyjiequshuzuqian": "<a",
"bfyjiequshuzuhou": "/a>",
"bfbiaotiqian": "<strong>",
"bfbiaotihou": "</strong>",
"bflianjieqian": "data-play=\"",
"bflianjiehou": "\"",
"bfqianzhui": "http://play.sportsteam365.com"
}