{
  "name": "开心果电影网",
  "url": "https://www.kxgdyw.com/",
  "User": "空",
  "shouye": "1",
  //"fenlei": "连续剧$/vodshow/2--------#电影$/vodshow/1--------#综艺$/vodshow/3--------#动漫$/vodshow/4--------#美女秀$/vodshow/20--------#电影天堂$/vodshow/30--------#邵氏电影$/vodshow/64--------#动作片$/vodshow/6--------#恐怖片$/vodshow/10--------#科幻片$/vodshow/9--------#战争片$/vodshow/12--------#爱情片$/vodshow/8--------#喜剧片$/vodshow/7--------#剧情片$/vodshow/11--------#粤语片$/vodshow/36--------#纪录片$/vodshow/23--------#伦理电影$/vodshow/30--------#动漫片$/vodshow/21--------#国产剧$/vodshow/13--------#欧美剧$/vodshow/16--------#美剧片$/vodshow/38--------#港台片$/vodshow/14--------#日韩剧$/vodshow/15--------#泰剧片$/vodshow/39--------",
  "fenlei": "连续剧$/vodshow/2--------#电影$/vodshow/1--------#综艺$/vodshow/3--------#动漫$/vodshow/4--------#邵氏电影$/vodshow/64--------#动作片$/vodshow/6--------#恐怖片$/vodshow/10--------#科幻片$/vodshow/9--------#战争片$/vodshow/12--------#爱情片$/vodshow/8--------#喜剧片$/vodshow/7--------#剧情片$/vodshow/11--------#粤语片$/vodshow/36--------#纪录片$/vodshow/23--------#动漫片$/vodshow/21--------#国产剧$/vodshow/13--------#欧美剧$/vodshow/16--------#美剧片$/vodshow/38--------#港台片$/vodshow/14--------#日韩剧$/vodshow/15--------#泰剧片$/vodshow/39--------",
  "houzhui": "---.html",
  "shifouercijiequ": "0",
  "jiequqian": "空",
  "jiequhou": "空",
  "jiequshuzuqian": "class=\"hl-item-thumb hl-lazy\"",
  "jiequshuzuhou": "</a>",
  "tupianqian": "original=\"",
  "tupianhou": "\"",
  "biaotiqian": "title=\"",
  "biaotihou": "\"",
  "lianjieqian": "href=\"",
  "lianjiehou": "\"",

  //新版Biubiu参数：副标题 (不需要的话，就不填写或者删除副标题2个字段也可以。)
  "fubiaotiqian": "",
  "fubiaotihou": "",

  "sousuoqian": "/index.php/ajax/suggest?mid=1&wd=",
  "sousuohou": "&limit=500",
  "sousuohouzhui": "/voddetail/",
  "ssmoshi": "0",
  "sousuoshifouercijiequ": "0",
  "jspic": "pic",
  "jsname": "name",
  "jsid": "id",
  "ssjiequqian": "空",
  "ssjiequhou": "空",
  "ssjiequshuzuqian": "空",
  "ssjiequshuzuhou": "空",
  "sstupianqian": "空",
  "sstupianhou": "空",
  "ssbiaotiqian": "空",
  "ssbiaotihou": "空",
  "sslianjieqian": "空",
  "sslianjiehou": "空",
  "bfshifouercijiequ": "0",
  "bfjiequqian": "空",
  "bfjiequhou": "空",
  "bfjiequshuzuqian": "id=\"hl-plays-list",
  "bfjiequshuzuhou": "</div>",
  "zhuangtaiqian": "更新：</em>",
  "zhuangtaihou": "</span>",
  "daoyanqian": "导演：</em>",
  "daoyanhou": "</a>",
  "zhuyanqian": "主演：</em>",
  "zhuyanhou": "</li>",
  "juqingqian": "简介：</em>",
  "juqinghou": "</li>",
  "bfyshifouercijiequ": "0",
  "bfyjiequqian": "空",
  "bfyjiequhou": "空",
  "bfyjiequshuzuqian": "<a",
  "bfyjiequshuzuhou": "/a>",
  "bfbiaotiqian": ">",
  "bfbiaotihou": "<",
  "bflianjieqian": "href=\"",
  "bflianjiehou": "\""
}
