{
  "name": "伊雪湾",
  "tihuan": "cnzz.com",
  "shouye": "1",
  "url": "https://www.yixuewan.com",

  "fenlei": "国产剧$/vodshow/13/page/#日韩剧$/vodshow/14/page/#港台剧$/vodshow/15/page/#欧美剧$/vodshow/16/page/#其他剧$/vodshow/20/page/#纪录片$/vodshow/21/page/#大陆动漫$/vodshow/4/area/中国大陆/page/#日本动漫$/vodshow/4/area/日本/page/#美国动漫$/vodshow/4/area/美国/page/#其他动漫$/vodshow/4/area/其他/page/#综艺$/vodshow/3/page/#动作片$/vodshow/6/page/#喜剧片$/vodshow/7/page/#剧情片$/vodshow/24/page/#爱情片$/vodshow/8/page/#科幻片$/vodshow/9/page/#恐怖片$/vodshow/10/page/#冒险片$/vodshow/11/page/#战争片$/vodshow/12/page/#其他片$/vodshow/32/page/",
  "houzhui": ".html",

  "shifouercijiequ": "0",
  "jiequqian": "空",
  "jiequhou": "空",
  "jiequshuzuqian": "class=\"module-item-pic\"",
  "jiequshuzuhou": "</div>",
  "tupianqian": "data-src=\"",
  "tupianhou": "\"",
  "biaotiqian": "title=\"",
  "biaotihou": "\"",
  "lianjieqian": "href=\"",
  "lianjiehou": "\"",

  //新版Biubiu参数：副标题 (不需要的话，就不填写或者删除副标题2个字段也可以。)
  "fubiaotiqian": "",
  "fubiaotihou": "",

  "sousuoqian": "/index.php/ajax/suggest?mid=1&wd=",
  "sousuohou": "&limit=500",
  "sousuohouzhui": "/voddetail/",
  "ssmoshi": "0",
  "sousuoshifouercijiequ": "0",
  "jspic": "pic",
  "jsname": "name",
  "jsid": "id",
  "ssjiequqian": "空",
  "ssjiequhou": "空",
  "ssjiequshuzuqian": "空",
  "ssjiequshuzuhou": "空",
  "sstupianqian": "空",
  "sstupianhou": "空",
  "ssbiaotiqian": "空",
  "ssbiaotihou": "空",
  "sslianjieqian": "空",
  "sslianjiehou": "空",

  "bfshifouercijiequ": "0",
  "bfjiequqian": "空",
  "bfjiequhou": "空",
  "bfjiequshuzuqian": "class=\"module-blocklist scroll-box scroll-box-y\">",
  "bfjiequshuzuhou": "</div>",

  "zhuangtaiqian": "备注：</span>",
  "zhuangtaihou": "</div>",
  "daoyanqian": "导演：</span>",
  "daoyanhou": "</div>",
  "zhuyanqian": "主演：</span>",
  "zhuyanhou": "</div>",
  "juqingqian": "剧情：</span>",
  "juqinghou": "<a",

  "bfyshifouercijiequ": "0",
  "bfyjiequqian": "空",
  "bfyjiequhou": "空",
  "bfyjiequshuzuqian": "<a",
  "bfyjiequshuzuhou": "/a>",
  "bfbiaotiqian": "span>",
  "bfbiaotihou": "</span",
  "bflianjieqian": "href=\"",
  "bflianjiehou": "\""
}
